Date,Close
11/25/2016 16:00:00,38.08
11/28/2016 16:00:00,38.41
11/29/2016 16:00:00,38.54
11/30/2016 16:00:00,37.9
12/1/2016 16:00:00,37.4
12/2/2016 16:00:00,37.53
12/5/2016 16:00:00,38.13
12/6/2016 16:00:00,37.96
12/7/2016 16:00:00,38.56
12/8/2016 16:00:00,38.82
12/9/2016 16:00:00,39.46
12/12/2016 16:00:00,39.46
12/13/2016 16:00:00,39.81
12/14/2016 16:00:00,39.85
12/15/2016 16:00:00,39.89
12/16/2016 16:00:00,39.54
12/19/2016 16:00:00,39.71
12/20/2016 16:00:00,39.82
12/21/2016 16:00:00,39.73
12/22/2016 16:00:00,39.56
12/23/2016 16:00:00,39.5
12/27/2016 16:00:00,39.58
12/28/2016 16:00:00,39.25
12/29/2016 16:00:00,39.14
12/30/2016 16:00:00,38.59
1/3/2017 16:00:00,39.31
1/4/2017 16:00:00,39.35
1/5/2017 16:00:00,39.7
1/6/2017 16:00:00,40.31
1/9/2017 16:00:00,40.33
1/10/2017 16:00:00,40.24
1/11/2017 16:00:00,40.4
1/12/2017 16:00:00,40.32
1/13/2017 16:00:00,40.39
1/17/2017 16:00:00,40.23
1/18/2017 16:00:00,40.3
1/19/2017 16:00:00,40.11
1/20/2017 16:00:00,40.25
1/23/2017 16:00:00,40.97
1/24/2017 16:00:00,41.19
1/25/2017 16:00:00,41.78
1/26/2017 16:00:00,41.61
1/27/2017 16:00:00,41.17
1/30/2017 16:00:00,40.12
1/31/2017 16:00:00,39.84
2/1/2017 16:00:00,39.78
2/2/2017 16:00:00,39.93
2/3/2017 16:00:00,40.07
2/6/2017 16:00:00,40.07
2/7/2017 16:00:00,40.35
2/8/2017 16:00:00,40.42
2/9/2017 16:00:00,40.48
2/10/2017 16:00:00,40.68
2/13/2017 16:00:00,40.96
2/14/2017 16:00:00,41.02
2/15/2017 16:00:00,40.95
2/16/2017 16:00:00,41.21
2/17/2017 16:00:00,41.4
2/21/2017 16:00:00,41.58
2/22/2017 16:00:00,41.54
2/23/2017 16:00:00,41.57
2/24/2017 16:00:00,41.43
2/27/2017 16:00:00,41.46
2/28/2017 16:00:00,41.16
3/1/2017 16:00:00,41.76
3/2/2017 16:00:00,41.53
3/3/2017 16:00:00,41.45
3/6/2017 16:00:00,41.39
3/7/2017 16:00:00,41.6
3/8/2017 16:00:00,41.77
3/9/2017 16:00:00,41.93
3/10/2017 16:00:00,42.16
3/13/2017 16:00:00,42.28
3/14/2017 16:00:00,42.28
3/15/2017 16:00:00,42.36
3/16/2017 16:00:00,42.44
3/17/2017 16:00:00,42.61
3/20/2017 16:00:00,42.42
3/21/2017 16:00:00,41.52
3/22/2017 16:00:00,41.48
3/23/2017 16:00:00,40.88
3/24/2017 16:00:00,40.72
3/27/2017 16:00:00,40.98
3/28/2017 16:00:00,41.05
3/29/2017 16:00:00,41.57
3/30/2017 16:00:00,41.58
3/31/2017 16:00:00,41.48
4/3/2017 16:00:00,41.93
4/4/2017 16:00:00,41.73
4/5/2017 16:00:00,41.57
4/6/2017 16:00:00,41.39
4/7/2017 16:00:00,41.23
4/10/2017 16:00:00,41.24
4/11/2017 16:00:00,41.17
4/12/2017 16:00:00,41.22
4/13/2017 16:00:00,41.18
4/17/2017 16:00:00,41.86
4/18/2017 16:00:00,41.84
4/19/2017 16:00:00,41.91
4/20/2017 16:00:00,42.08
4/21/2017 16:00:00,42.16
4/24/2017 16:00:00,43.14
4/25/2017 16:00:00,43.62
4/26/2017 16:00:00,43.59
4/27/2017 16:00:00,43.71
4/28/2017 16:00:00,45.3
5/1/2017 16:00:00,45.63
5/2/2017 16:00:00,45.82
5/3/2017 16:00:00,46.35
5/4/2017 16:00:00,46.58
5/5/2017 16:00:00,46.36
5/8/2017 16:00:00,46.72
5/9/2017 16:00:00,46.61
5/10/2017 16:00:00,46.44
5/11/2017 16:00:00,46.53
5/12/2017 16:00:00,46.61
5/15/2017 16:00:00,46.85
5/16/2017 16:00:00,47.15
5/17/2017 16:00:00,45.98
5/18/2017 16:00:00,46.51
5/19/2017 16:00:00,46.7
5/22/2017 16:00:00,47.09
5/23/2017 16:00:00,47.44
5/24/2017 16:00:00,47.75
5/25/2017 16:00:00,48.48
5/26/2017 16:00:00,48.57
5/30/2017 16:00:00,48.79
5/31/2017 16:00:00,48.24
6/1/2017 16:00:00,48.35
6/2/2017 16:00:00,48.78
6/5/2017 16:00:00,49.18
6/6/2017 16:00:00,48.83
6/7/2017 16:00:00,49.05
6/8/2017 16:00:00,49.17
6/9/2017 16:00:00,47.49
6/12/2017 16:00:00,47.15
6/13/2017 16:00:00,47.67
6/14/2017 16:00:00,47.54
6/15/2017 16:00:00,47.12
6/16/2017 16:00:00,46.99
6/19/2017 16:00:00,47.87
6/20/2017 16:00:00,47.53
6/21/2017 16:00:00,47.97
6/22/2017 16:00:00,47.85
6/23/2017 16:00:00,48.28
6/26/2017 16:00:00,47.61
6/27/2017 16:00:00,46.37
6/28/2017 16:00:00,47.02
6/29/2017 16:00:00,45.89
6/30/2017 16:00:00,45.44
7/3/2017 16:00:00,44.94
7/5/2017 16:00:00,45.59
7/6/2017 16:00:00,45.33
7/7/2017 16:00:00,45.93
7/10/2017 16:00:00,46.44
7/11/2017 16:00:00,46.5
7/12/2017 16:00:00,47.19
7/13/2017 16:00:00,47.36
7/14/2017 16:00:00,47.8
7/17/2017 16:00:00,47.67
7/18/2017 16:00:00,48.27
7/19/2017 16:00:00,48.54
7/20/2017 16:00:00,48.41
7/21/2017 16:00:00,48.65
7/24/2017 16:00:00,49.02
7/25/2017 16:00:00,47.54
7/26/2017 16:00:00,47.39
7/27/2017 16:00:00,46.7
7/28/2017 16:00:00,47.08
7/31/2017 16:00:00,46.53
8/1/2017 16:00:00,46.54
8/2/2017 16:00:00,46.52
8/3/2017 16:00:00,46.18
8/4/2017 16:00:00,46.4
8/7/2017 16:00:00,46.47
8/8/2017 16:00:00,46.34
8/9/2017 16:00:00,46.15
8/10/2017 16:00:00,45.36
8/11/2017 16:00:00,45.72
8/14/2017 16:00:00,46.13
8/15/2017 16:00:00,46.11
8/16/2017 16:00:00,46.35
8/17/2017 16:00:00,45.55
8/18/2017 16:00:00,45.53
8/21/2017 16:00:00,45.33
8/22/2017 16:00:00,46.23
8/23/2017 16:00:00,46.35
8/24/2017 16:00:00,46.06
8/25/2017 16:00:00,45.79
8/28/2017 16:00:00,45.69
8/29/2017 16:00:00,46.06
8/30/2017 16:00:00,46.48
8/31/2017 16:00:00,46.97
9/1/2017 16:00:00,46.87
9/5/2017 16:00:00,46.42
9/6/2017 16:00:00,46.39
9/7/2017 16:00:00,46.8
9/8/2017 16:00:00,46.33
9/11/2017 16:00:00,46.45
9/12/2017 16:00:00,46.6
9/13/2017 16:00:00,46.75
9/14/2017 16:00:00,46.26
9/15/2017 16:00:00,46.01
9/18/2017 16:00:00,45.75
9/19/2017 16:00:00,46.09
9/20/2017 16:00:00,46.58
9/21/2017 16:00:00,46.62
9/22/2017 16:00:00,46.43
9/25/2017 16:00:00,46.05
9/26/2017 16:00:00,46.24
9/27/2017 16:00:00,47.22
9/28/2017 16:00:00,47.48
9/29/2017 16:00:00,47.96
10/2/2017 16:00:00,47.66
10/3/2017 16:00:00,47.89
10/4/2017 16:00:00,47.58
10/5/2017 16:00:00,48.5
10/6/2017 16:00:00,48.94
10/9/2017 16:00:00,48.85
10/10/2017 16:00:00,48.63
10/11/2017 16:00:00,49.46
10/12/2017 16:00:00,49.39
10/13/2017 16:00:00,49.48
10/16/2017 16:00:00,49.6
10/17/2017 16:00:00,49.61
10/18/2017 16:00:00,49.64
10/19/2017 16:00:00,49.22
10/20/2017 16:00:00,49.41
10/23/2017 16:00:00,48.42
10/24/2017 16:00:00,48.53
10/25/2017 16:00:00,48.67
10/26/2017 16:00:00,48.63
10/27/2017 16:00:00,50.96
10/30/2017 16:00:00,50.86
10/31/2017 16:00:00,50.83
11/1/2017 16:00:00,51.28
11/2/2017 16:00:00,51.28
11/3/2017 16:00:00,51.62
11/6/2017 16:00:00,51.3
11/7/2017 16:00:00,51.67
11/8/2017 16:00:00,51.99
11/9/2017 16:00:00,51.56
11/10/2017 16:00:00,51.4
11/13/2017 16:00:00,51.29
11/14/2017 16:00:00,51.3
11/15/2017 16:00:00,51.05
11/16/2017 16:00:00,51.63
11/17/2017 16:00:00,50.95
11/20/2017 16:00:00,50.92
11/21/2017 16:00:00,51.72
11/22/2017 16:00:00,51.8
11/24/2017 13:00:00,52.03
11/27/2017 16:00:00,52.71
11/28/2017 16:00:00,52.37
11/29/2017 16:00:00,51.08
11/30/2017 16:00:00,51.07
12/1/2017 16:00:00,50.51
12/4/2017 16:00:00,49.93
12/5/2017 16:00:00,50.26
12/6/2017 16:00:00,50.92
12/7/2017 16:00:00,51.55
12/8/2017 16:00:00,51.85
12/11/2017 16:00:00,52.06
12/12/2017 16:00:00,52.02
12/13/2017 16:00:00,52.03
12/14/2017 16:00:00,52.46
12/15/2017 16:00:00,53.21
12/18/2017 16:00:00,53.86
12/19/2017 16:00:00,53.53
12/20/2017 16:00:00,53.25
12/21/2017 16:00:00,53.18
12/22/2017 16:00:00,53.01
12/26/2017 16:00:00,52.84
12/27/2017 16:00:00,52.47
12/28/2017 16:00:00,52.41
12/29/2017 16:00:00,52.32
1/2/2018 16:00:00,53.25
1/3/2018 16:00:00,54.12
1/4/2018 16:00:00,54.32
1/5/2018 16:00:00,55.11
1/8/2018 16:00:00,55.35
1/9/2018 16:00:00,55.31
1/10/2018 16:00:00,55.13
1/11/2018 16:00:00,55.28
1/12/2018 16:00:00,56.11
1/16/2018 16:00:00,56.09
1/17/2018 16:00:00,56.6
1/18/2018 16:00:00,56.49
1/19/2018 16:00:00,56.88
1/22/2018 16:00:00,57.79
1/23/2018 16:00:00,58.5
1/24/2018 16:00:00,58.21
1/25/2018 16:00:00,58.52
1/26/2018 16:00:00,58.79
1/29/2018 16:00:00,58.78
1/30/2018 16:00:00,58.18
1/31/2018 16:00:00,58.5
2/1/2018 16:00:00,58.39
2/2/2018 16:00:00,55.6
2/5/2018 16:00:00,52.79
2/6/2018 16:00:00,54.03
2/7/2018 16:00:00,52.43
2/8/2018 16:00:00,50.08
2/9/2018 16:00:00,51.89
2/12/2018 16:00:00,52.6
2/13/2018 16:00:00,52.61
2/14/2018 16:00:00,53.49
2/15/2018 16:00:00,54.48
2/16/2018 16:00:00,54.74
2/20/2018 16:00:00,55.12
2/21/2018 16:00:00,55.57
2/22/2018 16:00:00,55.33
2/23/2018 16:00:00,56.34
2/26/2018 16:00:00,57.19
2/27/2018 16:00:00,55.91
2/28/2018 16:00:00,55.24
3/1/2018 16:00:00,53.48
3/2/2018 16:00:00,53.95
3/5/2018 16:00:00,54.55
3/6/2018 16:00:00,54.75
3/7/2018 16:00:00,55.48
3/8/2018 16:00:00,56.3
3/9/2018 16:00:00,58
3/12/2018 16:00:00,58.23
3/13/2018 16:00:00,56.91
3/14/2018 16:00:00,57.47
3/15/2018 16:00:00,57.48
3/16/2018 16:00:00,56.79
3/19/2018 16:00:00,54.99
3/20/2018 16:00:00,54.89
3/21/2018 16:00:00,54.54
3/22/2018 16:00:00,52.45
3/23/2018 16:00:00,51.08
3/26/2018 16:00:00,52.66
3/27/2018 16:00:00,50.26
3/28/2018 16:00:00,50.23
3/29/2018 16:00:00,51.59
4/2/2018 16:00:00,50.32
4/3/2018 16:00:00,50.67
4/4/2018 16:00:00,51.26
4/5/2018 16:00:00,51.39
4/6/2018 16:00:00,50.35
4/9/2018 16:00:00,50.77
4/10/2018 16:00:00,51.58
4/11/2018 16:00:00,51
4/12/2018 16:00:00,51.63
4/13/2018 16:00:00,51.46
4/16/2018 16:00:00,51.9
4/17/2018 16:00:00,53.71
4/18/2018 16:00:00,53.6
4/19/2018 16:00:00,54.39
4/20/2018 16:00:00,53.65
4/23/2018 16:00:00,53.37
4/24/2018 16:00:00,51
4/25/2018 16:00:00,51.06
4/26/2018 16:00:00,52
4/27/2018 16:00:00,51.5
4/30/2018 16:00:00,50.87
5/1/2018 16:00:00,51.87
5/2/2018 16:00:00,51.22
5/3/2018 16:00:00,51.19
5/4/2018 16:00:00,52.41
5/7/2018 16:00:00,52.74
5/8/2018 16:00:00,52.7
5/9/2018 16:00:00,54.14
5/10/2018 16:00:00,54.88
5/11/2018 16:00:00,54.91
5/14/2018 16:00:00,55.01
5/15/2018 16:00:00,53.96
5/16/2018 16:00:00,54.09
5/17/2018 16:00:00,53.93
5/18/2018 16:00:00,53.32
5/21/2018 16:00:00,53.98
5/22/2018 16:00:00,53.49
5/23/2018 16:00:00,53.98
5/24/2018 16:00:00,53.96
5/25/2018 16:00:00,53.78
5/29/2018 16:00:00,53.02
5/30/2018 16:00:00,53.39
5/31/2018 16:00:00,54.25
6/1/2018 16:00:00,55.98
6/4/2018 16:00:00,56.96
6/5/2018 16:00:00,56.98
6/6/2018 16:00:00,56.84
6/7/2018 16:00:00,56.19
6/8/2018 16:00:00,56.04
6/11/2018 16:00:00,56.5
6/12/2018 16:00:00,56.97
6/13/2018 16:00:00,56.74
6/14/2018 16:00:00,57.61
6/15/2018 16:00:00,57.61
6/18/2018 16:00:00,58.67
6/19/2018 16:00:00,58.4
6/20/2018 16:00:00,58.49
6/21/2018 16:00:00,57.88
6/22/2018 16:00:00,57.77
6/25/2018 16:00:00,56.24
6/26/2018 16:00:00,55.92
6/27/2018 16:00:00,55.2
6/28/2018 16:00:00,55.71
6/29/2018 16:00:00,55.78
7/2/2018 16:00:00,56.37
7/3/2018 13:00:00,55.14
7/5/2018 16:00:00,56.21
7/6/2018 16:00:00,57.01
7/9/2018 16:00:00,57.7
7/10/2018 16:00:00,57.64
7/11/2018 16:00:00,57.7
7/12/2018 16:00:00,59.17
7/13/2018 16:00:00,59.44
7/16/2018 16:00:00,59.19
7/17/2018 16:00:00,59.94
7/18/2018 16:00:00,59.79
7/19/2018 16:00:00,59.35
7/20/2018 16:00:00,59.25
7/23/2018 16:00:00,60.28
7/24/2018 16:00:00,62.4
7/25/2018 16:00:00,63.19
7/26/2018 16:00:00,63.42
7/27/2018 16:00:00,61.93
7/30/2018 16:00:00,60.99
7/31/2018 16:00:00,60.86
8/1/2018 16:00:00,61
8/2/2018 16:00:00,61.31
8/3/2018 16:00:00,61.19
8/6/2018 16:00:00,61.24
8/7/2018 16:00:00,62.11
8/8/2018 16:00:00,62.28
8/9/2018 16:00:00,62.46
8/10/2018 16:00:00,61.88
8/13/2018 16:00:00,61.75
8/14/2018 16:00:00,62.11
8/15/2018 16:00:00,60.72
8/16/2018 16:00:00,60.32
8/17/2018 16:00:00,60.05
8/20/2018 16:00:00,60.39
8/21/2018 16:00:00,60.08
8/22/2018 16:00:00,60.37
8/23/2018 16:00:00,60.27
8/24/2018 16:00:00,61.03
8/27/2018 16:00:00,62.09
8/28/2018 16:00:00,61.56
8/29/2018 16:00:00,62.47
8/30/2018 16:00:00,61.96
8/31/2018 16:00:00,60.91
9/4/2018 16:00:00,59.85
9/5/2018 16:00:00,59.32
9/6/2018 16:00:00,58.57
9/7/2018 16:00:00,58.24
9/10/2018 16:00:00,58.23
9/11/2018 16:00:00,58.87
9/12/2018 16:00:00,58.14
9/13/2018 16:00:00,58.77
9/14/2018 16:00:00,58.63
9/17/2018 16:00:00,57.8
9/18/2018 16:00:00,58.06
9/19/2018 16:00:00,58.55
9/20/2018 16:00:00,59.34
9/21/2018 16:00:00,58.3
9/24/2018 16:00:00,58.67
9/25/2018 16:00:00,59.23
9/26/2018 16:00:00,59.02
9/27/2018 16:00:00,59.73
9/28/2018 16:00:00,59.67
10/1/2018 16:00:00,59.77
10/2/2018 16:00:00,60.01
10/3/2018 16:00:00,60.15
10/4/2018 16:00:00,58.41
10/5/2018 16:00:00,57.87
10/8/2018 16:00:00,57.45
10/9/2018 16:00:00,56.94
10/10/2018 16:00:00,54.06
10/11/2018 16:00:00,53.97
10/12/2018 16:00:00,55.5
10/15/2018 16:00:00,54.61
10/16/2018 16:00:00,56.06
10/17/2018 16:00:00,55.78
10/18/2018 16:00:00,54.4
10/19/2018 16:00:00,54.82
10/22/2018 16:00:00,55.06
10/23/2018 16:00:00,55.18
10/24/2018 16:00:00,52.54
10/25/2018 16:00:00,54.78
10/26/2018 16:00:00,53.57
10/29/2018 16:00:00,51
10/30/2018 16:00:00,51.81
10/31/2018 16:00:00,53.84
11/1/2018 16:00:00,53.5
11/2/2018 16:00:00,52.89
11/5/2018 16:00:00,52
11/6/2018 16:00:00,52.79
11/7/2018 16:00:00,54.67
11/8/2018 16:00:00,54.12
11/9/2018 16:00:00,53.31
11/12/2018 16:00:00,51.93
11/13/2018 16:00:00,51.8
11/14/2018 16:00:00,52.18
11/15/2018 16:00:00,53.24
11/16/2018 16:00:00,53.07
11/19/2018 16:00:00,51
11/20/2018 16:00:00,51.29
11/21/2018 16:00:00,51.88
11/23/2018 13:00:00,51.19
11/26/2018 16:00:00,52.43
11/27/2018 16:00:00,52.22
11/28/2018 16:00:00,54.31
11/29/2018 16:00:00,54.42
11/30/2018 16:00:00,54.72
12/3/2018 16:00:00,55.32
12/4/2018 16:00:00,52.54
12/6/2018 16:00:00,53.44
12/7/2018 16:00:00,51.83
12/10/2018 16:00:00,51.98
12/11/2018 16:00:00,52.59
12/12/2018 16:00:00,53.18
12/13/2018 16:00:00,53.1
12/14/2018 16:00:00,52.11
12/17/2018 16:00:00,50.83
12/18/2018 16:00:00,51.44
12/19/2018 16:00:00,51.15
12/20/2018 16:00:00,50.47
12/21/2018 16:00:00,48.98
12/24/2018 13:00:00,48.81
12/26/2018 16:00:00,51.97
12/27/2018 16:00:00,52.19
12/28/2018 16:00:00,51.85
12/31/2018 16:00:00,51.78
1/2/2019 16:00:00,52.29
1/3/2019 16:00:00,50.8
1/4/2019 16:00:00,53.54
1/7/2019 16:00:00,53.42
1/8/2019 16:00:00,53.81
1/9/2019 16:00:00,53.73
1/10/2019 16:00:00,53.52
1/11/2019 16:00:00,52.86
1/14/2019 16:00:00,52.23
1/15/2019 16:00:00,53.86
1/16/2019 16:00:00,54.05
1/17/2019 16:00:00,54.5
1/18/2019 16:00:00,54.91
1/22/2019 16:00:00,53.53
1/23/2019 16:00:00,53.78
1/24/2019 16:00:00,53.7
1/25/2019 16:00:00,54.55
1/28/2019 16:00:00,53.5
1/29/2019 16:00:00,53.03
1/30/2019 16:00:00,54.45
1/31/2019 16:00:00,55.82
2/1/2019 16:00:00,55.54
2/4/2019 16:00:00,56.64
2/5/2019 16:00:00,57.3
2/6/2019 16:00:00,55.76
2/7/2019 16:00:00,54.94
2/8/2019 16:00:00,54.75
2/11/2019 16:00:00,54.75
2/12/2019 16:00:00,56.07
2/13/2019 16:00:00,56.01
2/14/2019 16:00:00,56.08
2/15/2019 16:00:00,55.68
2/19/2019 16:00:00,55.93
2/20/2019 16:00:00,55.69
2/21/2019 16:00:00,54.85
2/22/2019 16:00:00,55.52
2/25/2019 16:00:00,55.47
2/26/2019 16:00:00,55.76
2/27/2019 16:00:00,55.8
2/28/2019 16:00:00,56
3/1/2019 16:00:00,57.05
3/4/2019 16:00:00,57.39
3/5/2019 16:00:00,58.1
3/6/2019 16:00:00,57.89
3/7/2019 16:00:00,57.17
3/8/2019 16:00:00,57.12
3/11/2019 16:00:00,58.79
3/12/2019 16:00:00,59.66
3/13/2019 16:00:00,59.67
3/14/2019 16:00:00,59.28
3/15/2019 16:00:00,59.22
3/18/2019 16:00:00,59.21
3/19/2019 16:00:00,59.94
3/20/2019 16:00:00,61.2
3/21/2019 16:00:00,61.58
3/22/2019 16:00:00,60.28
3/25/2019 16:00:00,59.65
3/26/2019 16:00:00,59.23
3/27/2019 16:00:00,58.65
3/28/2019 16:00:00,58.42
3/29/2019 16:00:00,58.67
4/1/2019 16:00:00,59.72
4/2/2019 16:00:00,60.02
4/3/2019 16:00:00,60.3
4/4/2019 16:00:00,60.75
4/5/2019 16:00:00,60.36
4/8/2019 16:00:00,60.19
4/9/2019 16:00:00,59.86
4/10/2019 16:00:00,60.11
4/11/2019 16:00:00,60.23
4/12/2019 16:00:00,60.89
4/15/2019 16:00:00,61.06
4/16/2019 16:00:00,61.36
4/17/2019 16:00:00,61.82
4/18/2019 16:00:00,61.82
4/22/2019 16:00:00,62.44
4/23/2019 16:00:00,63.23
4/24/2019 16:00:00,62.8
4/25/2019 16:00:00,63.17
4/26/2019 16:00:00,63.61
4/29/2019 16:00:00,64.38
4/30/2019 16:00:00,59.42
5/1/2019 16:00:00,58.4
5/2/2019 16:00:00,58.13
5/3/2019 16:00:00,59.27
5/6/2019 16:00:00,59.47
5/7/2019 16:00:00,58.71
5/8/2019 16:00:00,58.31
5/9/2019 16:00:00,58.12
5/10/2019 16:00:00,58.21
5/13/2019 16:00:00,56.6
5/14/2019 16:00:00,56.02
5/15/2019 16:00:00,58.21
5/16/2019 16:00:00,58.95
5/17/2019 16:00:00,58.12
5/20/2019 16:00:00,56.94
5/21/2019 16:00:00,57.48
5/22/2019 16:00:00,57.57
5/23/2019 16:00:00,57.04
5/24/2019 16:00:00,56.67
5/28/2019 16:00:00,56.71
5/29/2019 16:00:00,55.82
5/30/2019 16:00:00,55.9
5/31/2019 16:00:00,55.18
6/3/2019 16:00:00,51.81
6/4/2019 16:00:00,52.65
6/5/2019 16:00:00,52.11
6/6/2019 16:00:00,52.22
6/7/2019 16:00:00,53.3
6/10/2019 16:00:00,54.02
6/11/2019 16:00:00,53.94
6/12/2019 16:00:00,53.85
6/13/2019 16:00:00,54.44
6/14/2019 16:00:00,54.27
6/17/2019 16:00:00,54.63
6/18/2019 16:00:00,55.18
6/19/2019 16:00:00,55.12
6/20/2019 16:00:00,55.57
6/21/2019 16:00:00,56.09
6/24/2019 16:00:00,55.78
6/25/2019 16:00:00,54.32
6/26/2019 16:00:00,53.99
6/27/2019 16:00:00,53.8
6/28/2019 16:00:00,54.05
7/1/2019 16:00:00,54.9
7/2/2019 16:00:00,55.56
7/3/2019 13:00:00,56.08
7/5/2019 16:00:00,56.58
7/8/2019 16:00:00,55.82
7/9/2019 16:00:00,56.24
7/10/2019 16:00:00,57.02
7/11/2019 16:00:00,57.21
7/12/2019 16:00:00,57.25
7/15/2019 16:00:00,57.52
7/16/2019 16:00:00,57.68
7/17/2019 16:00:00,57.32
7/18/2019 16:00:00,57.32
7/19/2019 16:00:00,56.51
7/22/2019 16:00:00,56.9
7/23/2019 16:00:00,57.31
7/24/2019 16:00:00,56.89
7/25/2019 16:00:00,56.61
7/26/2019 16:00:00,62.52
7/29/2019 16:00:00,61.97
7/30/2019 16:00:00,61.26
7/31/2019 16:00:00,60.83
8/1/2019 16:00:00,60.45
8/2/2019 16:00:00,59.7
8/5/2019 16:00:00,57.62
8/6/2019 16:00:00,58.5
8/7/2019 16:00:00,58.7
8/8/2019 16:00:00,60.24
8/9/2019 16:00:00,59.4
8/12/2019 16:00:00,58.74
8/13/2019 16:00:00,59.86
8/14/2019 16:00:00,58.21
8/15/2019 16:00:00,58.36
8/16/2019 16:00:00,58.88
8/19/2019 16:00:00,59.92
8/20/2019 16:00:00,59.13
8/21/2019 16:00:00,59.56
8/22/2019 16:00:00,59.48
8/23/2019 16:00:00,57.56
8/26/2019 16:00:00,58.44
8/27/2019 16:00:00,58.39
8/28/2019 16:00:00,58.55
8/29/2019 16:00:00,59.64
8/30/2019 16:00:00,59.41
9/3/2019 16:00:00,58.42
9/4/2019 16:00:00,59.07
9/5/2019 16:00:00,60.57
9/6/2019 16:00:00,60.25
9/9/2019 16:00:00,60.22
9/10/2019 16:00:00,60.3
9/11/2019 16:00:00,61.01
9/12/2019 16:00:00,61.71
9/13/2019 16:00:00,61.98
9/16/2019 16:00:00,61.57
9/17/2019 16:00:00,61.46
9/18/2019 16:00:00,61.62
9/19/2019 16:00:00,61.94
9/20/2019 16:00:00,61.5
9/23/2019 16:00:00,61.7
9/24/2019 16:00:00,60.94
9/25/2019 16:00:00,62.33
9/26/2019 16:00:00,62.07
9/27/2019 16:00:00,61.25
9/30/2019 16:00:00,60.95
10/1/2019 16:00:00,60.26
10/2/2019 16:00:00,58.83
10/3/2019 16:00:00,59.39
10/4/2019 16:00:00,60.45
10/7/2019 16:00:00,60.38
10/8/2019 16:00:00,59.46
10/9/2019 16:00:00,60.12
10/10/2019 16:00:00,60.43
10/11/2019 16:00:00,60.77
10/14/2019 16:00:00,60.86
10/15/2019 16:00:00,62.15
10/16/2019 16:00:00,62.18
10/17/2019 16:00:00,62.65
10/18/2019 16:00:00,62.27
10/21/2019 16:00:00,62.31
10/22/2019 16:00:00,62.14
10/23/2019 16:00:00,62.96
10/24/2019 16:00:00,63.05
10/25/2019 16:00:00,63.26
10/28/2019 16:00:00,64.5
10/29/2019 16:00:00,63.13
10/30/2019 16:00:00,63.06
10/31/2019 16:00:00,63.01
11/1/2019 16:00:00,63.69
11/4/2019 16:00:00,64.57
11/5/2019 16:00:00,64.6
11/6/2019 16:00:00,64.59
11/7/2019 16:00:00,65.44
11/8/2019 16:00:00,65.57
11/11/2019 16:00:00,64.96
11/12/2019 16:00:00,64.94
11/13/2019 16:00:00,64.9
11/14/2019 16:00:00,65.57
11/15/2019 16:00:00,66.74
11/18/2019 16:00:00,66.04
11/19/2019 16:00:00,65.77
11/20/2019 16:00:00,65.15
11/21/2019 16:00:00,65.07
11/22/2019 16:00:00,64.77
11/25/2019 16:00:00,65.33
11/26/2019 16:00:00,65.68
11/27/2019 16:00:00,65.65
11/29/2019 13:00:00,65.25
12/2/2019 16:00:00,64.5
12/3/2019 16:00:00,64.76
12/4/2019 16:00:00,66.03
12/5/2019 16:00:00,66.41
12/6/2019 16:00:00,67.03
12/9/2019 16:00:00,67.18
12/10/2019 16:00:00,67.23
12/11/2019 16:00:00,67.25
12/12/2019 16:00:00,67.51
12/13/2019 16:00:00,67.39
12/16/2019 16:00:00,68.06
12/17/2019 16:00:00,67.76
12/18/2019 16:00:00,67.63
12/19/2019 16:00:00,67.8
12/20/2019 16:00:00,67.48
12/23/2019 16:00:00,67.44
12/24/2019 13:00:00,67.18
12/26/2019 16:00:00,68.02
12/27/2019 16:00:00,67.59
12/30/2019 16:00:00,66.81
12/31/2019 16:00:00,66.85
1/2/2020 16:00:00,68.37
1/3/2020 16:00:00,68.03
1/6/2020 16:00:00,69.71
1/7/2020 16:00:00,69.67
1/8/2020 16:00:00,70.22
1/9/2020 16:00:00,70.99
1/10/2020 16:00:00,71.49
1/13/2020 16:00:00,71.96
1/14/2020 16:00:00,71.54
1/15/2020 16:00:00,71.96
1/16/2020 16:00:00,72.58
1/17/2020 16:00:00,74.02
1/21/2020 16:00:00,74.22
1/22/2020 16:00:00,74.3
1/23/2020 16:00:00,74.33
1/24/2020 16:00:00,73.34
1/27/2020 16:00:00,71.69
1/28/2020 16:00:00,72.63
1/29/2020 16:00:00,72.93
1/30/2020 16:00:00,72.79
1/31/2020 16:00:00,71.71
2/3/2020 16:00:00,74.3
2/4/2020 16:00:00,72.35
2/5/2020 16:00:00,72.41
2/6/2020 16:00:00,73.81
2/7/2020 16:00:00,73.96
2/10/2020 16:00:00,75.43
2/11/2020 16:00:00,75.44
2/12/2020 16:00:00,75.91
2/13/2020 16:00:00,75.73
2/14/2020 16:00:00,76.04
2/18/2020 16:00:00,75.98
2/19/2020 16:00:00,76.33
2/20/2020 16:00:00,75.91
2/21/2020 16:00:00,74.26
2/24/2020 16:00:00,71.08
2/25/2020 16:00:00,69.42
2/26/2020 16:00:00,69.66
2/27/2020 16:00:00,65.9
2/28/2020 16:00:00,66.97
3/2/2020 16:00:00,69.46
3/3/2020 16:00:00,67.07
3/4/2020 16:00:00,69.33
3/5/2020 16:00:00,65.95
3/6/2020 16:00:00,64.92
3/9/2020 16:00:00,60.78
3/10/2020 16:00:00,64.02
3/11/2020 16:00:00,60.77
3/12/2020 16:00:00,55.75
3/13/2020 16:00:00,60.99
3/16/2020 16:00:00,54.22
3/17/2020 16:00:00,55.99
3/18/2020 16:00:00,54.84
3/19/2020 16:00:00,55.76
3/20/2020 16:00:00,53.62
3/23/2020 16:00:00,52.83
3/24/2020 16:00:00,56.72
3/25/2020 16:00:00,55.12
3/26/2020 16:00:00,58.09
3/27/2020 16:00:00,55.54
3/30/2020 16:00:00,57.34
3/31/2020 16:00:00,58.14
4/1/2020 16:00:00,55.28
4/2/2020 16:00:00,56.04
4/3/2020 16:00:00,54.89
4/6/2020 16:00:00,59.35
4/7/2020 16:00:00,59.33
4/8/2020 16:00:00,60.51
4/9/2020 16:00:00,60.57
4/13/2020 16:00:00,60.88
4/14/2020 16:00:00,63.46
4/15/2020 16:00:00,63.12
4/16/2020 16:00:00,63.17
4/17/2020 16:00:00,64.16
4/20/2020 16:00:00,63.33
4/21/2020 16:00:00,60.82
4/22/2020 16:00:00,63.16
4/23/2020 16:00:00,63.82
4/24/2020 16:00:00,63.97
4/27/2020 16:00:00,63.79
4/28/2020 16:00:00,61.68
4/29/2020 16:00:00,67.07
4/30/2020 16:00:00,67.43
5/1/2020 16:00:00,66.03
5/4/2020 16:00:00,66.34
5/5/2020 16:00:00,67.56
5/6/2020 16:00:00,67.36
5/7/2020 16:00:00,68.63
5/8/2020 16:00:00,69.42
5/11/2020 16:00:00,70.16
5/12/2020 16:00:00,68.79
5/13/2020 16:00:00,67.47
5/14/2020 16:00:00,67.81
5/15/2020 16:00:00,68.66
5/18/2020 16:00:00,69.2
5/19/2020 16:00:00,68.67
5/20/2020 16:00:00,70.34
5/21/2020 16:00:00,70.14
5/22/2020 16:00:00,70.52
5/26/2020 16:00:00,70.85
5/27/2020 16:00:00,70.89
5/28/2020 16:00:00,70.84
5/29/2020 16:00:00,71.45
6/1/2020 16:00:00,71.59
6/2/2020 16:00:00,71.96
6/3/2020 16:00:00,71.82
6/4/2020 16:00:00,70.61
6/5/2020 16:00:00,71.92
6/8/2020 16:00:00,72.33
6/9/2020 16:00:00,72.81
6/10/2020 16:00:00,73.29
6/11/2020 16:00:00,70.19
6/12/2020 16:00:00,70.66
6/15/2020 16:00:00,70.99
6/16/2020 16:00:00,72.14
6/17/2020 16:00:00,72.56
6/18/2020 16:00:00,71.8
6/19/2020 16:00:00,71.59
6/22/2020 16:00:00,72.59
6/23/2020 16:00:00,73.22
6/24/2020 16:00:00,71.6
6/25/2020 16:00:00,72.07
6/26/2020 16:00:00,68
6/29/2020 16:00:00,69.75
6/30/2020 16:00:00,70.68
7/1/2020 16:00:00,71.9
7/2/2020 16:00:00,73.24
7/6/2020 16:00:00,74.79
7/7/2020 16:00:00,74.26
7/8/2020 16:00:00,74.8
7/9/2020 16:00:00,75.55
7/10/2020 16:00:00,77.09
7/13/2020 16:00:00,75.57
7/14/2020 16:00:00,76.03
7/15/2020 16:00:00,75.68
7/16/2020 16:00:00,75.9
7/17/2020 16:00:00,75.78
7/20/2020 16:00:00,78.29
7/21/2020 16:00:00,77.92
7/22/2020 16:00:00,78.42
7/23/2020 16:00:00,75.78
7/24/2020 16:00:00,75.59
7/27/2020 16:00:00,76.51
7/28/2020 16:00:00,75.02
7/29/2020 16:00:00,76.1
7/30/2020 16:00:00,76.57
7/31/2020 16:00:00,74.15
8/3/2020 16:00:00,73.72
8/4/2020 16:00:00,73.25
8/5/2020 16:00:00,73.68
8/6/2020 16:00:00,75.01
8/7/2020 16:00:00,74.72
8/10/2020 16:00:00,74.81
8/11/2020 16:00:00,74.02
8/12/2020 16:00:00,75.33
8/13/2020 16:00:00,75.92
8/14/2020 16:00:00,75.39
8/17/2020 16:00:00,75.9
8/18/2020 16:00:00,77.93
8/19/2020 16:00:00,77.38
8/20/2020 16:00:00,79.09
8/21/2020 16:00:00,79.02
8/24/2020 16:00:00,79.41
8/25/2020 16:00:00,80.41
8/26/2020 16:00:00,82.62
8/27/2020 16:00:00,81.72
8/28/2020 16:00:00,82.22
8/31/2020 16:00:00,81.71
9/1/2020 16:00:00,83.04
9/2/2020 16:00:00,86.41
9/3/2020 16:00:00,82.09
9/4/2020 16:00:00,79.55
9/8/2020 16:00:00,76.62
9/9/2020 16:00:00,77.85
9/10/2020 16:00:00,76.6
9/11/2020 16:00:00,76.04
9/14/2020 16:00:00,75.96
9/15/2020 16:00:00,77.07
9/16/2020 16:00:00,76.05
9/17/2020 16:00:00,74.78
9/18/2020 16:00:00,73
9/21/2020 16:00:00,71.56
9/22/2020 16:00:00,73.27
9/23/2020 16:00:00,70.76
9/24/2020 16:00:00,71.41
9/25/2020 16:00:00,72.25
9/28/2020 16:00:00,73.23
9/29/2020 16:00:00,73.47
9/30/2020 16:00:00,73.48
10/1/2020 16:00:00,74.5
10/2/2020 16:00:00,72.92
10/5/2020 16:00:00,74.3
10/6/2020 16:00:00,72.67
10/7/2020 16:00:00,73.01
10/8/2020 16:00:00,74.3
10/9/2020 16:00:00,75.76
10/12/2020 16:00:00,78.46
10/13/2020 16:00:00,78.58
10/14/2020 16:00:00,78.4
10/15/2020 16:00:00,77.96
10/16/2020 16:00:00,78.65
10/19/2020 16:00:00,76.73
10/20/2020 16:00:00,77.8
10/21/2020 16:00:00,79.67
10/22/2020 16:00:00,80.77
10/23/2020 16:00:00,82.05
10/26/2020 16:00:00,79.52
10/27/2020 16:00:00,80.21
10/28/2020 16:00:00,75.83
10/29/2020 16:00:00,78.36
10/30/2020 16:00:00,81.05
11/2/2020 16:00:00,81.3
11/3/2020 16:00:00,82.51
11/4/2020 16:00:00,87.46
11/5/2020 16:00:00,88.17
11/6/2020 16:00:00,88.09
11/9/2020 16:00:00,88.15
11/10/2020 16:00:00,87.02
11/11/2020 16:00:00,87.64
11/12/2020 16:00:00,87.49
11/13/2020 16:00:00,88.85
11/16/2020 16:00:00,89.07
11/17/2020 16:00:00,88.51
11/18/2020 16:00:00,87.34
11/19/2020 16:00:00,88.2
11/20/2020 16:00:00,87.11
11/23/2020 16:00:00,86.74
11/24/2020 16:00:00,88.44
11/25/2020 16:00:00,88.57
11/27/2020 13:00:00,89.66
11/30/2020 16:00:00,88.04
12/1/2020 16:00:00,89.91
12/2/2020 16:00:00,91.4
12/3/2020 16:00:00,91.34
12/4/2020 16:00:00,91.4
12/7/2020 16:00:00,90.97
12/8/2020 16:00:00,90.93
12/9/2020 16:00:00,89.21
12/10/2020 16:00:00,88.77
12/11/2020 16:00:00,89.09
12/14/2020 16:00:00,88
12/15/2020 16:00:00,88.39
12/16/2020 16:00:00,88.15
12/17/2020 16:00:00,87.4
12/18/2020 16:00:00,86.55
12/21/2020 16:00:00,86.97
12/22/2020 16:00:00,86.18
12/23/2020 16:00:00,86.62
12/24/2020 13:00:00,86.94
12/28/2020 16:00:00,88.8
12/29/2020 16:00:00,87.94
12/30/2020 16:00:00,86.98
12/31/2020 16:00:00,87.59
1/4/2021 16:00:00,86.41
1/5/2021 16:00:00,87.05
1/6/2021 16:00:00,86.76
1/7/2021 16:00:00,89.36
1/8/2021 16:00:00,90.36
1/11/2021 16:00:00,88.34
1/12/2021 16:00:00,87.33
1/13/2021 16:00:00,87.72
1/14/2021 16:00:00,87.01
1/15/2021 16:00:00,86.81
1/19/2021 16:00:00,89.54
1/20/2021 16:00:00,94.35
1/21/2021 16:00:00,94.56
1/22/2021 16:00:00,95.05
1/25/2021 16:00:00,94.97
1/26/2021 16:00:00,95.86
1/27/2021 16:00:00,91.54
1/28/2021 16:00:00,93.16
1/29/2021 16:00:00,91.79
2/1/2021 16:00:00,95.07
2/2/2021 16:00:00,96.38
2/3/2021 16:00:00,103.5
2/4/2021 16:00:00,103.12
2/5/2021 16:00:00,104.9
2/8/2021 16:00:00,104.65
2/9/2021 16:00:00,104.18
2/10/2021 16:00:00,104.77
2/11/2021 16:00:00,104.79
2/12/2021 16:00:00,105.21
2/16/2021 16:00:00,106.1
2/17/2021 16:00:00,106.42
2/18/2021 16:00:00,105.86
2/19/2021 16:00:00,105.06
2/22/2021 16:00:00,103.24
2/23/2021 16:00:00,103.54
2/24/2021 16:00:00,104.76
2/25/2021 16:00:00,101.57
2/26/2021 16:00:00,101.84
3/1/2021 16:00:00,104.08
3/2/2021 16:00:00,103.79
3/3/2021 16:00:00,101.34
3/4/2021 16:00:00,102.45
3/5/2021 16:00:00,105.43
3/8/2021 16:00:00,101.21
3/9/2021 16:00:00,102.64
3/10/2021 16:00:00,102.75
3/11/2021 16:00:00,105.74
3/12/2021 16:00:00,103.1
3/15/2021 16:00:00,103.32
3/16/2021 16:00:00,104.63
3/17/2021 16:00:00,104.55
3/18/2021 16:00:00,101.81
3/19/2021 16:00:00,102.16
3/22/2021 16:00:00,101.93
3/23/2021 16:00:00,102.65
3/24/2021 16:00:00,102.25
3/25/2021 16:00:00,102.22
3/26/2021 16:00:00,101.78
3/29/2021 16:00:00,102.8
3/30/2021 16:00:00,102.78
3/31/2021 16:00:00,103.43
4/1/2021 16:00:00,106.89
4/5/2021 16:00:00,111.28
4/6/2021 16:00:00,111.24
4/7/2021 16:00:00,112.48
4/8/2021 16:00:00,113.27
4/9/2021 16:00:00,114.29
4/12/2021 16:00:00,112.74
4/13/2021 16:00:00,113.36
4/14/2021 16:00:00,112.74
4/15/2021 16:00:00,114.83
4/16/2021 16:00:00,114.89
4/19/2021 16:00:00,115.12
4/20/2021 16:00:00,114.68
4/21/2021 16:00:00,114.66
4/22/2021 16:00:00,113.4
4/23/2021 16:00:00,115.77
4/26/2021 16:00:00,116.34
4/27/2021 16:00:00,115.36
4/28/2021 16:00:00,119
4/29/2021 16:00:00,121.49
4/30/2021 16:00:00,120.51
5/3/2021 16:00:00,119.76
5/4/2021 16:00:00,117.71
5/5/2021 16:00:00,117.84
5/6/2021 16:00:00,119.07
5/7/2021 16:00:00,119.93
5/10/2021 16:00:00,117.08
5/11/2021 16:00:00,115.44
5/12/2021 16:00:00,111.95
5/13/2021 16:00:00,113.1
5/14/2021 16:00:00,115.81
5/17/2021 16:00:00,116.07
5/18/2021 16:00:00,115.17
5/19/2021 16:00:00,115.44
5/20/2021 16:00:00,117.8
5/21/2021 16:00:00,117.26
5/24/2021 16:00:00,120.33
5/25/2021 16:00:00,120.45
5/26/2021 16:00:00,121.68
5/27/2021 16:00:00,120.13
5/28/2021 16:00:00,120.58
6/1/2021 16:00:00,121.49
6/2/2021 16:00:00,121.06
6/3/2021 16:00:00,120.23
6/4/2021 16:00:00,122.59
6/7/2021 16:00:00,123.3
6/8/2021 16:00:00,124.14
6/9/2021 16:00:00,124.57
6/10/2021 16:00:00,126.08
6/11/2021 16:00:00,125.7
6/14/2021 16:00:00,126.35
6/15/2021 16:00:00,126.03
6/16/2021 16:00:00,125.7
6/17/2021 16:00:00,126.37
6/18/2021 16:00:00,125.57
6/21/2021 16:00:00,126.46
6/22/2021 16:00:00,127
6/23/2021 16:00:00,126.46
6/24/2021 16:00:00,127.28
6/25/2021 16:00:00,127
6/28/2021 16:00:00,126.82
6/29/2021 16:00:00,126.02
6/30/2021 16:00:00,125.32
7/1/2021 16:00:00,126.37
7/2/2021 16:00:00,128.72
7/6/2021 16:00:00,129.77
7/7/2021 16:00:00,130.08
7/8/2021 16:00:00,129.18
7/9/2021 16:00:00,129.57
7/12/2021 16:00:00,130.56
7/13/2021 16:00:00,130.99
7/14/2021 16:00:00,132.08
7/15/2021 16:00:00,131.27
7/16/2021 16:00:00,131.85
7/19/2021 16:00:00,129.25
7/20/2021 16:00:00,131.1
7/21/2021 16:00:00,132.6
7/22/2021 16:00:00,133.33
7/23/2021 16:00:00,137.82
7/26/2021 16:00:00,139.64
7/27/2021 16:00:00,136.8
7/28/2021 16:00:00,136.38
7/29/2021 16:00:00,136.54
7/30/2021 16:00:00,135.22
8/2/2021 16:00:00,135.99
8/3/2021 16:00:00,136.28
8/4/2021 16:00:00,136.03
8/5/2021 16:00:00,136.94
8/6/2021 16:00:00,137.04
8/9/2021 16:00:00,138
8/10/2021 16:00:00,138.1
8/11/2021 16:00:00,137.69
8/12/2021 16:00:00,138.39
8/13/2021 16:00:00,138.41
8/16/2021 16:00:00,138.92
8/17/2021 16:00:00,137.3
8/18/2021 16:00:00,136.57
8/19/2021 16:00:00,136.91
8/20/2021 16:00:00,138.44
8/23/2021 16:00:00,141.1
8/24/2021 16:00:00,142.4
8/25/2021 16:00:00,142.95
8/26/2021 16:00:00,142.12
8/27/2021 16:00:00,144.55
8/30/2021 16:00:00,145.47
8/31/2021 16:00:00,145.46
9/1/2021 16:00:00,145.84
9/2/2021 16:00:00,144.22
9/3/2021 16:00:00,144.78
9/7/2021 16:00:00,145.52
9/8/2021 16:00:00,144.88
9/9/2021 16:00:00,144.91
9/10/2021 16:00:00,141.92
9/13/2021 16:00:00,143.47
9/14/2021 16:00:00,143.41
9/15/2021 16:00:00,145.21
9/16/2021 16:00:00,144.37
9/17/2021 16:00:00,141.46
9/20/2021 16:00:00,139.02
9/21/2021 16:00:00,139.65
9/22/2021 16:00:00,140.94
9/23/2021 16:00:00,141.83
9/24/2021 16:00:00,142.63
9/27/2021 16:00:00,141.5
9/28/2021 16:00:00,136.18
9/29/2021 16:00:00,134.52
9/30/2021 16:00:00,133.27
10/1/2021 16:00:00,136.46
10/4/2021 16:00:00,133.76
10/5/2021 16:00:00,136.18
10/6/2021 16:00:00,137.35
10/7/2021 16:00:00,139.19
10/8/2021 16:00:00,140.06
10/11/2021 16:00:00,138.85
10/12/2021 16:00:00,136.71
10/13/2021 16:00:00,137.9
10/14/2021 16:00:00,141.41
10/15/2021 16:00:00,141.68
10/18/2021 16:00:00,142.96
10/19/2021 16:00:00,143.82
10/20/2021 16:00:00,142.42
10/21/2021 16:00:00,142.78
10/22/2021 16:00:00,138.63
10/25/2021 16:00:00,138.77
10/26/2021 16:00:00,139.67
10/27/2021 16:00:00,146.43
10/28/2021 16:00:00,146.13
10/29/2021 16:00:00,148.27
11/1/2021 16:00:00,143.77
11/2/2021 16:00:00,145.86
11/3/2021 16:00:00,146.79
11/4/2021 16:00:00,148.68
11/5/2021 16:00:00,149.24
11/8/2021 16:00:00,149.35
11/9/2021 16:00:00,149.25
11/10/2021 16:00:00,146.63
11/11/2021 16:00:00,146.75
11/12/2021 16:00:00,149.65
11/15/2021 16:00:00,149.39
11/16/2021 16:00:00,149.08
11/17/2021 16:00:00,149.06
11/18/2021 16:00:00,150.71
11/19/2021 16:00:00,149.95
11/22/2021 16:00:00,147.08
11/23/2021 16:00:00,146.76
11/24/2021 16:00:00,146.72
11/26/2021 13:00:00,142.81
11/29/2021 16:00:00,146.11
11/30/2021 16:00:00,142.45
12/1/2021 16:00:00,141.62
12/2/2021 16:00:00,143.78
12/3/2021 16:00:00,142.52
12/6/2021 16:00:00,143.8
12/7/2021 16:00:00,148.04
12/8/2021 16:00:00,148.72
12/9/2021 16:00:00,148.11
12/10/2021 16:00:00,148.68
12/13/2021 16:00:00,146.7
12/14/2021 16:00:00,144.97
12/15/2021 16:00:00,147.37
12/16/2021 16:00:00,144.84
12/17/2021 16:00:00,142.8
12/20/2021 16:00:00,142.4
12/21/2021 16:00:00,144.22
12/22/2021 16:00:00,146.95
12/23/2021 16:00:00,147.14
12/27/2021 16:00:00,148.06
12/28/2021 16:00:00,146.45
12/29/2021 16:00:00,146.5
12/30/2021 16:00:00,146
12/31/2021 16:00:00,144.68
1/3/2022 16:00:00,145.07
1/4/2022 16:00:00,144.42
1/5/2022 16:00:00,137.65
1/6/2022 16:00:00,137.55
1/7/2022 16:00:00,137
1/10/2022 16:00:00,138.57
1/11/2022 16:00:00,140.02
1/12/2022 16:00:00,141.65
1/13/2022 16:00:00,139.13
1/14/2022 16:00:00,139.79
1/18/2022 16:00:00,136.29
1/19/2022 16:00:00,135.65
1/20/2022 16:00:00,133.51
1/21/2022 16:00:00,130.09
1/24/2022 16:00:00,130.37
1/25/2022 16:00:00,126.74
1/26/2022 16:00:00,129.24
1/27/2022 16:00:00,129.12
1/28/2022 16:00:00,133.29
1/31/2022 16:00:00,135.7
2/1/2022 16:00:00,137.88
2/2/2022 16:00:00,148.04
2/3/2022 16:00:00,142.65
2/4/2022 16:00:00,143.02
2/7/2022 16:00:00,138.94
2/8/2022 16:00:00,139.21
2/9/2022 16:00:00,141.45
2/10/2022 16:00:00,138.6
2/11/2022 16:00:00,134.13
2/14/2022 16:00:00,135.3
2/15/2022 16:00:00,136.43
2/16/2022 16:00:00,137.49
2/17/2022 16:00:00,132.31
2/18/2022 16:00:00,130.47
2/22/2022 16:00:00,129.4
2/23/2022 16:00:00,127.59
2/24/2022 16:00:00,132.67
2/25/2022 16:00:00,134.52
2/28/2022 16:00:00,134.89
3/1/2022 16:00:00,134.17
3/2/2022 16:00:00,134.75
3/3/2022 16:00:00,134.31
3/4/2022 16:00:00,132.12
3/7/2022 16:00:00,126.46
3/8/2022 16:00:00,127.28
3/9/2022 16:00:00,133.87
3/10/2022 16:00:00,132.68
3/11/2022 16:00:00,130.48
3/14/2022 16:00:00,126.74
3/15/2022 16:00:00,129.66
3/16/2022 16:00:00,133.69
3/17/2022 16:00:00,134.6
3/18/2022 16:00:00,136.8
3/21/2022 16:00:00,136.48
3/22/2022 16:00:00,140.28
3/23/2022 16:00:00,138.5
3/24/2022 16:00:00,141.31
3/25/2022 16:00:00,141.52
3/28/2022 16:00:00,141.95
3/29/2022 16:00:00,143.25
3/30/2022 16:00:00,142.64
3/31/2022 16:00:00,139.65
4/1/2022 16:00:00,140.7
4/4/2022 16:00:00,143.64
4/5/2022 16:00:00,141.06
4/6/2022 16:00:00,137.18
4/7/2022 16:00:00,136.47
4/8/2022 16:00:00,134.01
4/11/2022 16:00:00,129.8
4/12/2022 16:00:00,128.37
4/13/2022 16:00:00,130.29
4/14/2022 16:00:00,127.25
4/18/2022 16:00:00,127.96
4/19/2022 16:00:00,130.53
4/20/2022 16:00:00,128.25
4/21/2022 16:00:00,124.94
4/22/2022 16:00:00,119.61
4/25/2022 16:00:00,123.25
4/26/2022 16:00:00,119.51
4/27/2022 16:00:00,115.02
4/28/2022 16:00:00,119.41
4/29/2022 16:00:00,114.97
5/2/2022 16:00:00,117.16
5/3/2022 16:00:00,118.13
5/4/2022 16:00:00,122.58
5/5/2022 16:00:00,116.75
5/6/2022 16:00:00,115.66
5/9/2022 16:00:00,113.08
5/10/2022 16:00:00,114.58
5/11/2022 16:00:00,113.96
5/12/2022 16:00:00,113.16
5/13/2022 16:00:00,116.52
5/16/2022 16:00:00,114.79
5/17/2022 16:00:00,116.7
5/18/2022 16:00:00,112.4
5/19/2022 16:00:00,110.75
5/20/2022 16:00:00,109.31
5/23/2022 16:00:00,111.67
5/24/2022 16:00:00,105.93
5/25/2022 16:00:00,105.84
5/26/2022 16:00:00,108.3
5/27/2022 16:00:00,112.8
5/31/2022 16:00:00,114.04
6/1/2022 16:00:00,114.14
6/2/2022 16:00:00,117.75
6/3/2022 16:00:00,114.56
6/6/2022 16:00:00,117.01
6/7/2022 16:00:00,117.23
6/8/2022 16:00:00,117.24
6/9/2022 16:00:00,114.92
6/10/2022 16:00:00,111.43
6/13/2022 16:00:00,106.88
6/14/2022 16:00:00,107.19
6/15/2022 16:00:00,110.39
6/16/2022 16:00:00,106.64
6/17/2022 16:00:00,107.87
6/21/2022 16:00:00,112.02
6/22/2022 16:00:00,112.03
6/23/2022 16:00:00,112.68
6/24/2022 16:00:00,118.54
6/27/2022 16:00:00,116.62
6/28/2022 16:00:00,112.57
6/29/2022 16:00:00,112.26
6/30/2022 16:00:00,109.37
7/1/2022 16:00:00,109.08
7/5/2022 16:00:00,113.89
7/6/2022 16:00:00,115.21
7/7/2022 16:00:00,119.31
7/8/2022 16:00:00,120.17
7/11/2022 16:00:00,116.52
7/12/2022 16:00:00,114.85
7/13/2022 16:00:00,112.19
7/14/2022 16:00:00,111.44
7/15/2022 16:00:00,112.77
7/18/2022 16:00:00,109.91
7/19/2022 16:00:00,114.62
7/20/2022 16:00:00,114.7
7/21/2022 16:00:00,115.04
7/22/2022 16:00:00,108.36
7/25/2022 16:00:00,108.21
7/26/2022 16:00:00,105.44
7/27/2022 16:00:00,113.6
7/28/2022 16:00:00,114.59
7/29/2022 16:00:00,116.64
8/1/2022 16:00:00,115.48
8/2/2022 16:00:00,115.9
8/3/2022 16:00:00,118.78
8/4/2022 16:00:00,118.87
8/5/2022 16:00:00,118.22
8/8/2022 16:00:00,118.14
8/9/2022 16:00:00,117.5
8/10/2022 16:00:00,120.65
8/11/2022 16:00:00,119.82
8/12/2022 16:00:00,122.65
8/15/2022 16:00:00,122.88
8/16/2022 16:00:00,122.51
8/17/2022 16:00:00,120.32
8/18/2022 16:00:00,120.86
8/19/2022 16:00:00,118.12
8/22/2022 16:00:00,115.07
8/23/2022 16:00:00,114.77
8/24/2022 16:00:00,114.7
8/25/2022 16:00:00,117.7
8/26/2022 16:00:00,111.3
8/29/2022 16:00:00,110.34
8/30/2022 16:00:00,109.91
8/31/2022 16:00:00,109.15
9/1/2022 16:00:00,110.55
9/2/2022 16:00:00,108.68
9/6/2022 16:00:00,107.48
9/7/2022 16:00:00,110.48
9/8/2022 16:00:00,109.42
9/9/2022 16:00:00,111.78
9/12/2022 16:00:00,111.87
9/13/2022 16:00:00,105.31
9/14/2022 16:00:00,105.87
9/15/2022 16:00:00,103.9
9/16/2022 16:00:00,103.63
9/19/2022 16:00:00,103.85
9/20/2022 16:00:00,101.83
9/21/2022 16:00:00,100.01
9/22/2022 16:00:00,100.57
9/23/2022 16:00:00,99.17
9/26/2022 16:00:00,98.81
9/27/2022 16:00:00,98.09
9/28/2022 16:00:00,100.74
9/29/2022 16:00:00,98.09
9/30/2022 16:00:00,96.15
10/3/2022 16:00:00,99.3
10/4/2022 16:00:00,102.41
10/5/2022 16:00:00,102.22
10/6/2022 16:00:00,102.24
10/7/2022 16:00:00,99.57
10/10/2022 16:00:00,98.71
10/11/2022 16:00:00,98.05
10/12/2022 16:00:00,98.3
10/13/2022 16:00:00,99.71
10/14/2022 16:00:00,97.18
10/17/2022 16:00:00,100.78
10/18/2022 16:00:00,101.39
10/19/2022 16:00:00,100.29
10/20/2022 16:00:00,100.53
10/21/2022 16:00:00,101.48
10/24/2022 16:00:00,102.97
10/25/2022 16:00:00,104.93
10/26/2022 16:00:00,94.82
10/27/2022 16:00:00,92.6
10/28/2022 16:00:00,96.58
10/31/2022 16:00:00,94.66
11/1/2022 16:00:00,90.5
11/2/2022 16:00:00,87.07
11/3/2022 16:00:00,83.49
11/4/2022 16:00:00,86.7
11/7/2022 16:00:00,88.65
11/8/2022 16:00:00,88.91
11/9/2022 16:00:00,87.4
11/10/2022 16:00:00,94.17
11/11/2022 16:00:00,96.73
11/14/2022 16:00:00,96.03
11/15/2022 16:00:00,98.72
11/16/2022 16:00:00,98.99
11/17/2022 16:00:00,98.5
11/18/2022 16:00:00,97.8
11/21/2022 16:00:00,95.83
11/22/2022 16:00:00,97.33
11/23/2022 16:00:00,98.82